"Architecture","Fabrication(nm)","Family","ReleaseDate","Codename","ModelGroup","Cores","SMT","Clockrate(MHz)","BusSpeed&Type","Cache","Cache","Cache","Socket","MemoryController","Features","Features","Features"
"Architecture","Fabrication(nm)","Family","ReleaseDate","Codename","ModelGroup","Cores","SMT","Clockrate(MHz)","BusSpeed&Type","L1","Socket","MemoryController","L2","L3","SIMD","Speed/Power","Other"
"Am386","","Am386","","Sx/SxL/SxLV","","1","No","25-40","","","","","100PQFP","","","",""
"Am486","500,350","Am486","","25-120","168pinPGA208SQFP","1","No","","","8","","","","","","",""
"Am486","500,350","EnhancedAm486","","","","66-120","1","No","","8,8/16","","","168pinPGA208SQFP","","","",""
"Am5x86","350","Am5x86","","X5-133","","1","No","133","33","16","","","Socket3Socket2Socket1168pin","","","",""
"K5","500,350","AMDK5","","SSA/5,5k86","","1","No","75–133","50,60,66","8+16","0","","Socket5Socket7","","","",""
"K6","350,250","AMDK6","","Model6,Littlefoot","","1","No","166-300","50,60,66","32+32","0","","Socket7","","MMX","",""
"K6","250,180","AMDK6-2","","Chomper,ChomperExtended,mobile","","166-550","1","No","66,95,97,100","32+32","0,128","","SuperSocket7","MMX,3DNow!","","",""
"K6","250,180","K6-3","","Sharptooth","","400-550","1","No","66,95,96.2,100","32+32","MMX,3DNow!","","","256","512,1024","SuperSocket7",""
"K7","250","Athlon","","Argon","","1","No","500-700","100","64+64","MMX,3DNow!","","","512","","SlotA",""
"K7","180","Athlon","","Pluto/Orion","","550-1000","100","64+64","512","","SlotA","1","No","","MMX,3DNow!","",""
"180","K7","","Athlon","Thunderbird","","1000-1400","256","100","64+64","","1","No","SlotASocketA","","MMX,3DNow!","",""
"K7","180","AthlonXP/MP","","256","Palomino","1500+-2100+","1333-1733","1","64+64","No","133","","SocketA","MMX,3DNow!+,SSE","","",""
"K7","AthlonXP/MP","130","","Thoroughbred","256","1600+-2800+","1400-2250","SocketA","MMX,3DNow!+,SSE","","","133,166,200","1","64+64","No","",""
"130","K7","AthlonXP/MP","","Thorton","133,166,200","2000+-3100+","256","1667-2200","","SocketA","MMX,3DNow!+,SSE","","","1","No","64+64",""
"130","K7","AthlonXP/MP","","Barton","133,166,200","2500+-3200+","1833-2333","512","","SocketA","MMX,3DNow!+,SSE","","","1","64+64","No",""
"K7","180","Duron","","Spitfire","","600-950","1","SocketA","MMX,3DNow!+,SSE","","","64+64","No","100","64","",""
"180","Duron","K7","","Morgan","","100","900-1300","64","","1","SocketA","MMX,3DNow!+,SSE","","","64+64","No",""
"K7","Duron","130","","Applebred","","1400,1600,1800","133","1","SocketA","MMX,3DNow!+,SSE","","","64+64","No","64","",""
"K7","180","Athlon4","","Corvette","","850-1400","1","SocketA","MMX,3DNow!+,SSE","","","64+64","No","100","256","",""
"K7","130","AthlonXP-M","","Thoroughbred","","1400-2133","256","1","SocketA","MMX,3DNow!+,SSE","","","64+64","No","100,133","",""
"130","AthlonXP-M","K7","","Barton","","1667-2200","133","512","1","SocketA","MMX,3DNow!+,SSE","","","64+64","No","",""
"K7","180","MobileDuron","","Spitfire","","600,700","1","SocketA","MMX,3DNow!+,SSE","","","64+64","No","100","64","",""
"180","MobileDuron","K7","","Camaro","","100","800-1300","64","","1","SocketA","MMX,3DNow!+,SSE","","","64+64","No",""
"K7","130","Sempron","","Thoroughbred-B","","1500-2000","1","SocketA","MMX,3DNow!+,SSE","","","64+64","No","166","256","",""
"130","Sempron","K7","","Thorton","","166","256","1500-2000","","1","No","SocketA","MMX,3DNow!+,SSE","","","64+64",""
"130","Sempron","K7","","Barton","","2000–2200","166,200","512","1","SocketA","MMX,3DNow!+,SSE","","","64+64","No","",""
"130","K8","Opteron","","Sledgehammer","100","1400-2400","1","No","64+64","800","1024","","Socket940","DDR","MMX,3DNow!+,SSE,SSE2","PowerNow!","AMD64,ccNUMA"
"K8","Opteron","130","Sledgehammer","","1400-2400","800","1024","200","Socket940","DDR","MMX,3DNow!+,SSE,SSE2","PowerNow!","AMD64,ccNUMA","","1","No","64+64"
"K8","Opteron","130","Sledgehammer","","1400-2400","800","1024","800","Socket940","DDR","MMX,3DNow!+,SSE,SSE2","PowerNow!","AMD64,ccNUMA","","1","No","64+64"
"K8","Opteron","90","","Venus","100","800","1024","1600-3000","","DDR","MMX,3DNow!+,SSE,SSE2","PowerNow!","AMD64,ccNUMA","1","No","64+64","Socket939"
"90","K8","Opteron","","1600-3000","Troy","200","","800","1024","Socket940","1","DDR","MMX,3DNow!+,SSE,SSE2","PowerNow!","AMD64,ccNUMA","No","64+64"
"90","K8","Opteron","","Socket940","1600-3000","Athens","800","","800","1024","1","No","DDR","MMX,3DNow!+,SSE,SSE2","PowerNow!","AMD64,ccNUMA","64+64"
"90","K8","Opteron","","Denmark","100","2","1600-3200","1024","1000","","DDR","MMX,3DNow!+,SSE,SSE2","PowerNow!","No","64+64","Socket939","AMD64,NXBit"
"90","K8","Opteron","2","","1000","Italy","200","1600-3200","","1024","Socket940","AMD64,NXBit,ccNUMA","DDR","MMX,3DNow!+,SSE,SSE2","PowerNow!","No","64+64"
"90","K8","Opteron","2","","Socket940","AMD64,NXBit,ccNUMA","1000","Egypt","800","1600-3200","","1024","No","64+64","DDR","MMX,3DNow!+,SSE,SSE2","PowerNow!"
"90","K8","Opteron","2","","1000","SantaAna","1200","1800-3200","","1024","SocketAM2","DDR2","No","MMX,3DNow!+,SSE,SSE2","PowerNow!","64+64","AMD64,NXBit"
"90","K8","Opteron","2","","1000","DDR2","AMD64,NXBit","SantaRosa","2200","1800-3200","","1024","SocketF","No","64+64","MMX,3DNow!+,SSE,SSE2","PowerNow!"
"90","SantaRosa","K8","Opteron","2","SocketF","","1000","DDR2","AMD64,NXBit","8200","2000-3000","","No","1024","64+64","MMX,3DNow!+,SSE,SSE2","PowerNow!"
"K8","130","Athlon64FX","","Sledgehammer","FX-51,FX-53","1","1024","2200,2400","No","64+64","800","","Socket940","DDR","MMX,3DNow!+,SSE,SSE2,SSE3","Cool'n'Quiet","AMD64,NXBit"
"130","Athlon64FX","K8","","Clawhammer","1","FX-53,FX-55","2400,2400","1000","","DDR","MMX,3DNow!+,SSE,SSE2,SSE3","Cool'n'Quiet","AMD64,NXBit","1024","Socket939","No","64+64"
"K8","Athlon64FX","90","","1000","SanDiego","Socket939","1","FX-55,FX-57","2600,2800","","1024","DDR","MMX,3DNow!+,SSE,SSE2,SSE3","Cool'n'Quiet","AMD64,NXBit","No","64+64"
"90","K8","Athlon64FX","","Toledo","1000","FX-60","Socket939","2","2600","","1024","No","DDR","MMX,3DNow!+,SSE,SSE2,SSE3","Cool'n'Quiet","AMD64,NXBit","64+64"
"90","K8","Athlon64FX","2","","Windsor","1000","FX-62","2800","","SocketAM2","1024","DDR2","No","MMX,3DNow!+,SSE,SSE2,SSE3","Cool'n'Quiet","64+64","AMD64,NXBit,AMD-V"
"90","Windsor","K8","Athlon64FX","2","","DDR2","AMD64,NXBit,AMD-V","FX-70,FX-72,FX-74","1000","2600,2800,3000","","SocketF","No","1024","64+64","MMX,3DNow!+,SSE,SSE2,SSE3","Cool'n'Quiet"
"K8","130","Athlon64","","Clawhammer","","1","2000-2600","No","64+64","800","1024","","Socket754","DDR","MMX,3DNow!+,SSE,SSE2","Cool'n'Quiet","AMD64,NXBit(notinCGstepping)"
"130","Athlon64","K8","Clawhammer","","1","2000-2600","","1024","1000","","DDR","MMX,3DNow!+,SSE,SSE2","Cool'n'Quiet","AMD64,NXBit(notinCGstepping)","Socket939","No","64+64"
"130","Athlon64","K8","","Newcastle","1","","1800-2400","800","512","","DDR","MMX,3DNow!+,SSE,SSE2","Cool'n'Quiet","No","64+64","Socket754","AMD64,NXBit"
"130","Newcastle","Athlon64","1800-2400","K8","512","","","AMD64,NXBit","1","1000","","Socket939","No","64+64","DDR","MMX,3DNow!+,SSE,SSE2","Cool'n'Quiet"
"K8","Athlon64","1000","90","","Winchester","512","1","","AMD64,NXBit","1800-2200","","Socket939","No","DDR","MMX,3DNow!+,SSE,SSE2","Cool'n'Quiet","64+64"
"90","K8","Athlon64","","Venice","","512","1","1800-2400","AMD64,NXBit","800","","Socket754","No","64+64","DDR2","Cool'n'Quiet","MMX,3DNow!+,SSE,SSE2,SSE3"
"90","Venice","K8","1800-2400","Athlon64","","","DDR2","MMX,3DNow!+,SSE,SSE2,SSE3","1000","512","1","","AMD64,NXBit","Socket939","No","64+64","Cool'n'Quiet"
"90","K8","1000","Athlon64","","SanDiego","","1","DDR2","MMX,3DNow!+,SSE,SSE2,SSE3","2200-2600","1024","AMD64,NXBit","","Socket939","No","64+64","Cool'n'Quiet"
"90","K8","1000","Athlon64","","Orleans","","1","DDR2","MMX,3DNow!+,SSE,SSE2,SSE3","1800-2600","512","","SocketAM2","No","64+64","AMD64,NXBit,AMD-V","Cool'n'Quiet"
"K8","Athlon64","1000","65","512","","SocketAM2","AMD64,NXBit,AMD-V","Lima","1","","DDR2","MMX,3DNow!+,SSE,SSE2,SSE3","2000-2800","","No","64+64","Cool'n'Quiet"
"K8","90","1000","Athlon64X2","","Manchester","3600+","2","2000","No","64+64","256PC,FS","","Socket939","DDR","MMX,3DNow!+,SSE,SSE2,SSE3","Cool'n'Quiet","AMD64,NXBit"
"90","Athlon64X2","K8","Manchester","","2","1000","3800+,4200+,4600+","2000,2200,2400","Socket939","DDR","MMX,3DNow!+,SSE,SSE2,SSE3","Cool'n'Quiet","AMD64,NXBit","512PC,FS","","No","64+64"
"90","Athlon64X2","K8","512PC,FS","","1000","2","Toledo","3800+,4200+,4600+","2000,2200,2400","Socket939","DDR","MMX,3DNow!+,SSE,SSE2,SSE3","Cool'n'Quiet","AMD64,NXBit","","No","64+64"
"90","Toledo","Athlon64X2","K8","","1000","2","4400+,4800+","2200,2400","1024PC,FS","Socket939","DDR","MMX,3DNow!+,SSE,SSE2,SSE3","Cool'n'Quiet","AMD64,NXBit","","No","64+64"
"90","Athlon64X2","K8","","1000","2","Windsor","3600+","2000","256PC,FS","","MMX,3DNow!+,SSE,SSE2,SSE3","Cool'n'Quiet","SocketAM2","No","64+64","DDR2","AMD64,NXBit,AMD-V"
"90","Windsor","Athlon64X2","K8","","1000","SocketAM2","DDR2","AMD64,NXBit,AMD-V","2","3800+,4200+,4600+,5000+,5400+","2000,2200,2400,2600,2800","512PC,FS","","No","MMX,3DNow!+,SSE,SSE2,SSE3","Cool'n'Quiet","64+64"
"90","Windsor","Athlon64X2","K8","","1000","SocketAM2","DDR2","AMD64,NXBit,AMD-V","2","4000+,4400+,4800+,5200+,5600+,6000+,6400+","2000,2200,2400,2600,2800,3000,3200","1024PC,FS","","No","MMX,3DNow!+,SSE,SSE2,SSE3","Cool'n'Quiet","64+64"
"K8","Athlon64X2","65","1000","","2","SocketAM2","DDR2","AMD64,NXBit,AMD-V","Brisbane","3600+,3800+,4000+,4200+,4400+,4600+,4800+,5000+,5200+,5400+,5600+,5800+,6000+","1900,2000,2100,2200,2300,2400,2500,2600,2700,2800,2900,3000,3100","512PC,FS","","MMX,3DNow!+,SSE,SSE2,SSE3","Cool'n'Quiet","No","64+64"
"K8","130","Sempron","","Paris","3000+","1","1800","No","800","64+64","128","","Socket754","","MMX,3DNow!+,SSE,SSE2,SSE3","Cool'n'Quiet","NXBit"
"130","Sempron","K8","Paris","","1","3100+","800","64+64","1800","256","Socket754","","MMX,3DNow!+,SSE,SSE2,SSE3","Cool'n'Quiet","NXBit","","No"
"K8","Sempron","90","","Palermo","1","2500+","800","64+64","1400","256","Socket754","","No","","MMX,3DNow!+,SSE,SSE2,SSE3","","AMD64,NXBit"
"90","K8","Palermo","Sempron","","2600+","1600","1","MMX,3DNow!+,SSE,SSE2,SSE3","","AMD64,NXBit","128","800","64+64","","","Socket754","No"
"90","K8","1600","Palermo","Sempron","","2800+","256","1","MMX,3DNow!+,SSE,SSE2,SSE3","","AMD64,NXBit","","800","64+64","","No","Socket754"
"90","K8","Palermo","Sempron","","3000+","1800","1","MMX,3DNow!+,SSE,SSE2,SSE3","128","AMD64,NXBit","800","64+64","","","Socket754","Cool'n'Quiet","No"
"90","K8","1800","Palermo","Sempron","","Cool'n'Quiet","3100+","256","1","MMX,3DNow!+,SSE,SSE2,SSE3","","AMD64,NXBit","800","64+64","","No","Socket754"
"90","K8","Palermo","Sempron","","3300+","Cool'n'Quiet","2000","1","MMX,3DNow!+,SSE,SSE2,SSE3","128","AMD64,NXBit","800","64+64","","","Socket754","No"
"90","K8","2000","Palermo","Sempron","","3400+","Cool'n'Quiet","256","1","MMX,3DNow!+,SSE,SSE2,SSE3","","AMD64,NXBit","800","64+64","","No","Socket754"
"90","K8","Palermo","Sempron","","3000+","1800","1","128","800","AMD64,NXBit","64+64","","Socket939","","No","MMX,3DNow!+,SSE,SSE2,SSE3",""
"90","K8","1800","Palermo","Sempron","Socket939","","MMX,3DNow!+,SSE,SSE2,SSE3","","3200+","256","1","","800","AMD64,NXBit","64+64","","No"
"90","K8","Palermo","Sempron","","Socket939","3400+","MMX,3DNow!+,SSE,SSE2,SSE3","","2000","1","128","800","AMD64,NXBit","64+64","","","No"
"90","K8","2000","Palermo","Sempron","","Socket939","3500+","MMX,3DNow!+,SSE,SSE2,SSE3","","256","1","","800","AMD64,NXBit","64+64","","No"
"90","K8","Sempron","","Manila","2800+,3200+,3500+","1","MMX,3DNow!+,SSE,SSE2,SSE3","1600,1800,2000","800","64+64","128","","SocketAM2","No","","Cool'n'Quiet","AMD64,NXbit"
"90","Manila","K8","Sempron","","3000+,3400+,3600+,3800+","SocketAM2","1600,1800,2000,2200","Cool'n'Quiet","AMD64,NXbit","1","MMX,3DNow!+,SSE,SSE2,SSE3","256","800","64+64","","","No"
"K8","Sempron","65","256","","Sparta","1","SocketAM2","LE-1100,LE-1150","Cool'n'Quiet","AMD64,NXbit","MMX,3DNow!+,SSE,SSE2,SSE3","800","64+64","1900,2000","","","No"
"65","K8","Sparta","Sempron","","LE-1200,LE-1250,LE-1300","2100,2200,2300","1","SocketAM2","512","Cool'n'Quiet","AMD64,NXbit","MMX,3DNow!+,SSE,SSE2,SSE3","800","64+64","","","No"
"K8","130","MobileAthlon64","","Clawhammer","1","2700+","800","64+64","AMD64,NXbit","1600","512","No","","Socket754","","MMX,3DNow!+,SSE,SSE2",""
"130","MobileAthlon64","K8","Clawhammer","","2800+,3000+,3200+,3400+,3700+","1600,1800,2000,2200,2400","1024","Socket754","1","MMX,3DNow!+,SSE,SSE2","","","800","64+64","AMD64,NXbit","","No"
"130","MobileAthlon64","K8","","Odessa","2700+,2800+,3000+","1600,1800,2000","1","Socket754","512","MMX,3DNow!+,SSE,SSE2","","800","64+64","AMD64,NXbit","","","No"
"K8","MobileAthlon64","90","","Oakville","2700+,2800+,3000+","1","1600,1800,2000","Socket754","800","MMX,3DNow!+,SSE,SSE2","","64+64","AMD64,NXbit","512","","No",""
"90","K8","MobileAthlon64","","Newark","3000+,3200+,3400+,3700+,4000+","1800,2000,2200,2400,2600","1","1024","Socket754","800","MMX,3DNow!+,SSE,SSE2","","64+64","AMD64,NXbit","","","No"
"K8","130","MobileSempron","","Dublin","1","","800","Socket754","64+64","1600,1800","128","No","","","MMX,3DNow!+,SSE,SSE2","","AMD64,NXbit"
"130","MobileSempron","K8","Dublin","","","1600","256","1","MMX,3DNow!+,SSE,SSE2","","AMD64,NXbit","","800","Socket754","64+64","","No"
"K8","MobileSempron","90","","Georgetown","","1","1600,1800,2000","800","MMX,3DNow!+,SSE,SSE2","","AMD64,NXbit","Socket754","64+64","128","","No",""
"90","K8","Georgetown","MobileSempron","","","1600,1800","256","1","","800","MMX,3DNow!+,SSE,SSE2","","AMD64,NXbit","Socket754","64+64","","No"
"90","K8","MobileSempron","","Sonora","","1600,1800","1","128","800","MMX,3DNow!+,SSE,SSE2","","AMD64,NXbit","Socket754","64+64","","","No"
"90","Sonora","K8","MobileSempron","","","1600,1800","256","1","","800","MMX,3DNow!+,SSE,SSE2","","AMD64,NXbit","Socket754","64+64","","No"
"90","K8","MobileSempron","","Albany","","1800,2000,2200","1","128","800","Socket754","64+64","AMD64,NXbit","","","No","MMX,3DNow!+,SSE,SSE2,SSE3",""
"90","Albany","K8","MobileSempron","","","1800,2000","MMX,3DNow!+,SSE,SSE2,SSE3","","256","1","","800","Socket754","64+64","AMD64,NXbit","","No"
"90","K8","MobileSempron","","Roma","","1800,2000","MMX,3DNow!+,SSE,SSE2,SSE3","","1","128","800","Socket754","64+64","AMD64,NXbit","","","No"
"90","Roma","K8","MobileSempron","","","1600,1800,2000","256","MMX,3DNow!+,SSE,SSE2,SSE3","","1","","800","Socket754","64+64","AMD64,NXbit","","No"
"90","K8","MobileSempron","","Keene","","1800,2000","MMX,3DNow!+,SSE,SSE2,SSE3","1","256","800","64+64","","AMD64,NXbit","SocketS1","No","","PowerNow!"
"90","Keene","K8","MobileSempron","","","SocketS1","1600,1800,2000","PowerNow!","512","MMX,3DNow!+,SSE,SSE2,SSE3","1","","800","64+64","","AMD64,NXbit","No"
"90","K8","Turion64","","Lancaster","MT-28,MT-32,ML-42","1","16001800,2400","800","64+64","512","","No","Socket754","","MMX,3DNow!+,SSE,SSE2,SSE3","","AMD64,NXbit"
"Turion64","90","Lancaster","K8","","MT-30,MT-34,MT-37,MT-40,ML-44","1600,1800,2000,2200,2400","Socket754","1024","MMX,3DNow!+,SSE,SSE2,SSE3","","AMD64,NXbit","1","","800","64+64","","No"
"Turion64","90","K8","","Richmond","MK-36,MK-38","2000,2200","Socket754","1","MMX,3DNow!+,SSE,SSE2,SSE3","","AMD64,NXbit","512","800","64+64","","","No"
"90","K8","Turion64X2","","Taylor","TL-50","2","1600","800","64+64","256","No","","SocketS1","","MMX,3DNow!+,SSE,SSE2,SSE3","","AMD64NXbit"
"Turion64X2","90","K8","","2","Trinidad","TL-52,TL-56,TL-60,TL-64","1600,1800,2000,2200","SocketS1","512","MMX,3DNow!+,SSE,SSE2,SSE3","","AMD64NXbit","","800","64+64","","No"
"Turion64X2","K8","65","","2","Tyler","TK-53,TK-55,TK-57","1700,1800,1900","SocketS1","256","MMX,3DNow!+,SSE,SSE2,SSE3","","AMD64NXbit","800","64+64","","No",""
"65","Turion64X2","Tyler","K8","","TL-56,TL-58,TL-60,TL-62,TL-64,TL-66,TL-68","2","1800,1900,2000,2100,2200,2300,2400","512","","SocketS1","","MMX,3DNow!+,SSE,SSE2,SSE3","","AMD64NXbit","800","64+64","No"
"K10","65","Opteron","","Barcelona","","4","No","1700-2500","1000","64+64","256,512","2048","SocketF","","MMX,SSE,SSE2,SSE3,SSE4a,Enhanced3DNow!","PowerNow!","AMD64,NXbit,AMD-V,ccNUMA"
"K10","65","Opteron","","Budapest","","4","1700-2500","1000","64+64","256,512","No","2048","SocketAM2","MMX,SSE,SSE2,SSE3,SSE4a,Enhanced3DNow!","PowerNow!","","AMD64,NXbit,AMD-V"
"K10","65","Phenom","","Agena","9100e,9150e,9350e,9450e,9500,9550,9600,9600B,9600BE,9650,9670,9750,9750B,9850,9850B9850BE,9950BE","4","1800-2600","1600,1800,2000","64+64","No","512","2048","SocketAM2+","","MMX,SSE,SSE2,SSE3,SSE4a,Enhanced3DNow!","Cool'n'Quiet","AMD64,NXbit,AMD-V"
"Phenom","K10","65","","Toliman","8250e,8400,8450,8450e,8550,8600,8600B,8650,8750,8750B,8750BE,8850","3","1900-2500","1600,1800","SocketAM2+","512","MMX,SSE,SSE2,SSE3,SSE4a,Enhanced3DNow!","Cool'n'Quiet","AMD64,NXbit,AMD-V","64+64","No","2048",""
"K10","65","AthlonX2","","Kuma","6500BE","2","2300","1600,1800","SocketAM2+","64+64","No","1024","","","MMX,SSE,SSE2,SSE3,SSE4a,Enhanced3DNow!","Cool'n'Quiet","AMD64,NXbit,AMD-V"
"AthlonX2","K10","Kuma","65","2","","7450,7550,7750BE,7850BE","1024","2400-2800","1600,1800","MMX,SSE,SSE2,SSE3,SSE4a,Enhanced3DNow!","Cool'n'Quiet","AMD64,NXbit,AMD-V","2048","","No","SocketAM2+","64+64"
"K10","65","Athlon","","Lima","","1","2400–2700","1600,1800","SocketAM2+","MMX,SSE,SSE2,SSE3,SSE4a,Enhanced3DNow!","Cool'n'Quiet","AMD64,NXbit,AMD-V","64+64","No","512,1024","",""
"K10","65","Sempron","","Sparta","","1","2700","1600","SocketAM2+","MMX,SSE,SSE2,SSE3,SSE4a,Enhanced3DNow!","Cool'n'Quiet","AMD64,NXbit,AMD-V","64+64","No","512","",""
"K10.5","45","PhenomII","","Thuban","1100T,1090T,1075T,1055T,1045T","6/6","No","2600-3300","1800,2000","64+64","512","6144","SocketAM2+SocketAM3","DDR2DDR3","MMX,SSE,SSE2,SSE3,SSE4a,Enhanced3DNow!","Cool'n'Quiet","AMD64,NXbit,AMD-V"
"K10.5","45","PhenomII","","Zosma","840T,960T,970","4/6","3000-3400","1800,2000","64+64","512","No","SocketAM2+SocketAM3","6144","MMX,SSE,SSE2,SSE3,SSE4a,Enhanced3DNow!","Cool'n'Quiet","AMD64,NXbit,AMD-V","DDR2DDR3"
"K10.5","45","PhenomII","","Deneb","980,975,970,965,955,945,940,925,920,910e,905e,830,820,810,805","4/4","2500-3700","1800,2000","64+64","512","No","SocketAM2+SocketAM3","6144(805-820only4096)","MMX,SSE,SSE2,SSE3,SSE4a,Enhanced3DNow!","Cool'n'Quiet","AMD64,NXbit,AMD-V","DDR2DDR3"
"K10.5","45","PhenomII","","Heka","740,720,705e","3/4","2500–2800","2000","64+64","512","No","SocketAM2+SocketAM3","6144","MMX,SSE,SSE2,SSE3,SSE4a,Enhanced3DNow!","Cool'n'Quiet","AMD64,NXbit,AMD-V","DDR2DDR3"
"K10.5","45","PhenomII","","Callisto","570,565,560,555,550,545","2/4","3000-3400","2000","64+64","512","No","SocketAM2+SocketAM3","6144","MMX,SSE,SSE2,SSE3,SSE4a,Enhanced3DNow!","Cool'n'Quiet","AMD64,NXbit,AMD-V","DDR2DDR3"
"K10.5","45","AthlonII","","Propus","","4","2200–2800","2000","64+64","No","512","SocketAM2+SocketAM3","","DDR2DDR3","MMX,SSE,SSE2,SSE3,SSE4a,Enhanced3DNow!","Cool'n'Quiet","AMD64,NXbit,AMD-V"
"AthlonII","K10.5","45","","Rana","","3","2200–3100","2000","512","MMX,SSE,SSE2,SSE3,SSE4a,Enhanced3DNow!","Cool'n'Quiet","AMD64,NXbit,AMD-V","64+64","No","","SocketAM2+SocketAM3","DDR2DDR3"
"AthlonII","K10.5","45","","Regor","","2","1600-3600","2000","512,1024","MMX,SSE,SSE2,SSE3,SSE4a,Enhanced3DNow!","Cool'n'Quiet","AMD64,NXbit,AMD-V","64+64","No","","SocketAM2+SocketAM3","DDR2DDR3"
"K10.5","45","Sempron","","Sargas","130","1","2600","2000","64+64","No","512","SocketAM2+SocketAM3","","DDR2DDR3","MMX,SSE,SSE2,SSE3,SSE4a,Enhanced3DNow!","PowerNow!","AMD64,NXbit,AMD-V"
"Sempron","K10.5","Sargas","45","1","","2000","140","","DDR2DDR3","MMX,SSE,SSE2,SSE3,SSE4a,Enhanced3DNow!","PowerNow!","AMD64,NXbit,AMD-V","2700","1024","No","64+64","SocketAM2+SocketAM3"
"Sempron","K10.5","Sargas","1024","45","1","","2000","145","","DDR2DDR3","MMX,SSE,SSE2,SSE3,SSE4a,Enhanced3DNow!","PowerNow!","AMD64,NXbit,AMD-V","2800","No","64+64","SocketAM2+SocketAM3"
"Sempron","K10.5","Sargas","1024","45","1","","2000","150","","DDR2DDR3","MMX,SSE,SSE2,SSE3,SSE4a,Enhanced3DNow!","PowerNow!","AMD64,NXbit,AMD-V","2900","No","64+64","SocketAM2+SocketAM3"
"K10.5","45","TurionII","","Caspian","","2","2000-2700","1800,1600","64+64","MMX,SSE,SSE2,SSE3,SSE4a,Enhanced3DNow!","PowerNow!","AMD64,NXbit,AMD-V","No","512,1024","","SocketS1G3","DDR2"
"K10.5","32","Llano","","Llano","E2-3200,A4-3300,A4-3420,A6-3500,A6-3600,A6-3620,A6-3650,A6-3670K,A8-3800,A8-3820,A8-3850,A8-3870K","2/3/4","2100-3000","No","64+64","MMX,SSE,SSE2,SSE3,SSE4a,Enhanced3DNow!","PowerNow!","AMD64,NXbit,AMD-V","","1024,3072,4096","","SocketFM1","DDR3"
"Bobcat","40","Bobcat","","Desna,Ontario,Zacate","C-series,E-series,G-series,Z-series","1/2","No","1000-1750","","32+32","512KB(percore)","","FT1","DDR3","MMX,SSE,SSE2,SSE3,SSE3s,SSE4a","PowerNow!","AMD64,NXbit,AMD-V"
"Bulldozer","32","Bulldozer","","Zambezi","FX-4100series(4100,4120,4130,4150,4170)","4","No","3600-4200(3700-4300boost)","2600","2x16KB(data)+64KB(instruction)(permodule)","4x2","8","SocketAM3+SocketAM3","DDR3","MMX,SSE,SSE2,SSE3,SSE3s,SSE4a,SSE4.1,SSE4.2,AVX","Cool'n'Quiet,PowerNow!,TurboCore2.0","AMD64,NXbit,AMD-V,IOMMU,AES,CLMUL,XOP,FMA4,CVT16/F16C,ABM,ECC"
"Bulldozer","32","Bulldozer","","Zambezi","FX-6100series(6100,6120,6130,6200)","6","3300-3800(3600-4200boost)","2600","2x16KB(data)+64KB(instruction)(permodule)","4x2","8","SocketAM3+SocketAM3","DDR3","MMX,SSE,SSE2,SSE3,SSE3s,SSE4a,SSE4.1,SSE4.2,AVX","Cool'n'Quiet,PowerNow!,TurboCore2.0","AMD64,NXbit,AMD-V,IOMMU,AES,CLMUL,XOP,FMA4,CVT16/F16C,ABM,ECC","No"
"Bulldozer","32","Bulldozer","","Zambezi","FX-8100series(8100,8120,8140,8150,8170)","8","2800-3900(3100-4500boost)","2600","2x16KB(data)+64KB(instruction)(permodule)","4x2","8","SocketAM3+SocketAM3","DDR3","MMX,SSE,SSE2,SSE3,SSE3s,SSE4a,SSE4.1,SSE4.2,AVX","Cool'n'Quiet,PowerNow!,TurboCore2.0","AMD64,NXbit,AMD-V,IOMMU,AES,CLMUL,XOP,FMA4,CVT16/F16C,ABM,ECC","No"
"Bulldozer","32","Bulldozer","","Zurich","Opteron3200series(3250HE,3260HE,3280)","4/8","2400-2700(2700-3700boost)","2600","2x16KB(data)+64KB(instruction)(permodule)","4x2","8","SocketAM3+SocketAM3","DDR3","MMX,SSE,SSE2,SSE3,SSE3s,SSE4a,SSE4.1,SSE4.2,AVX","Cool'n'Quiet,PowerNow!,TurboCore2.0","AMD64,NXbit,AMD-V,IOMMU,AES,CLMUL,XOP,FMA4,CVT16/F16C,ABM,ECC","No"
"Bulldozer","32","Bulldozer","","Valencia","Opteron4200series(42DX,42MX,4226,4228HE,4230HE,4234,4238,4240,4256EE,4274HE,4276HE,4280,4284)","4/6/8","1600-3400(1900-3800boost)","2600","2x16KB(data)+64KB(instruction)(permodule)","4x2","8","SocketC32","DDR3","MMX,SSE,SSE2,SSE3,SSE3s,SSE4a,SSE4.1,SSE4.2,AVX","Cool'n'Quiet,PowerNow!,TurboCore2.0","AMD64,NXbit,AMD-V,IOMMU,AES,CLMUL,XOP,FMA4,CVT16/F16C,ABM,ECC","No"
"Bulldozer","32","Bulldozer","","Interlagos","Opteron6200series(6204,6212,6220,6230HE,6234,6238,6262HE,6272,6274,6276,6278,6282SE,6284SE)","4/8/12/16","1600-3300(2100-3600boost)","2600","2x16KB(data)+64KB(instruction)(permodule)","4x2","8","SocketG34","DDR3","MMX,SSE,SSE2,SSE3,SSE3s,SSE4a,SSE4.1,SSE4.2,AVX","Cool'n'Quiet,PowerNow!,TurboCore2.0","AMD64,NXbit,AMD-V,IOMMU,AES,CLMUL,XOP,FMA4,CVT16/F16C,ABM,ECC","No"
"Bulldozer","32","Piledriver","","Trinity","SempronX2240,AthlonX2340,AthlonX4740,AthlonX4750K,FireProA300,FireProA320,A4-4300M,A4-4355M,A4-5300,A4-5300B,A6-4400M,A6-4455M,A6-5400K,A6-5400B,A8-5500,A8-4500M,A8-4555M,A8-5500B,A8-5600K,A10-4600M,A10-4655M,A10-5700,A10-5800K,A10-5800B","2/4","1600-3800(2400-4200boost)","2600","No","2x16KB(data)+64KB(instruction)(permodule)","4x2,3x2,2x2,1","8,4","DDR3","SocketFM2FS1r2FP2","MMX,SSE,SSE2,SSE3,SSE3s,SSE4a,SSE4.1,SSE4.2,AVX,AVX1.1","Cool'n'Quiet,PowerNow!,TurboCore3.0","AMD64,NXbit,AMD-V,IOMMU,AES,CLMUL,XOP,FMA3,FMA4,CVT16/F16C,ABM,BMI1,TBM,ECC,EVP."
"Piledriver","Bulldozer","32","","Richland","SempronX2250,AthlonX2350,AthlonX2370K,AthlonX2750,AthlonX2760K,FX-670K,A4-4000,A4-4320,A4-5145M,A4-5150M,A4-6300,A4-6300B,A4-6320,A4-6320B,A4-7300,A4PRO-7300B,A6-5345M,A6-5350M,A6-5357M,A6-6400B,A6-6400K,A6-6420B,A6-6420K,A8-5345M,A8-5350M,A8-5357M,A8-6500,A8-6500T,A8-6500B,A8-6600,A10-5745M,A10-5750M,A10-5757M,A10-6700,A10-6700T,A10-6790B,A10-6790K,A10-6800B,A10-6800K","2600","2x16KB(data)+64KB(instruction)(permodule)","4x2,3x2,2x2,1","8,4","SocketFM2FS1r2FP2","MMX,SSE,SSE2,SSE3,SSE3s,SSE4a,SSE4.1,SSE4.2,AVX,AVX1.1","Cool'n'Quiet,PowerNow!,TurboCore3.0","AMD64,NXbit,AMD-V,IOMMU,AES,CLMUL,XOP,FMA3,FMA4,CVT16/F16C,ABM,BMI1,TBM,ECC,EVP.","2/4","1700-4100(2600-4400boost)","No","DDR3"
"Piledriver","Bulldozer","32","","Vishera","FX-4300series(4300,4320,4350)","2600","2x16KB(data)+64KB(instruction)(permodule)","4x2,3x2,2x2,1","8,4","4","MMX,SSE,SSE2,SSE3,SSE3s,SSE4a,SSE4.1,SSE4.2,AVX,AVX1.1","Cool'n'Quiet,PowerNow!,TurboCore3.0","AMD64,NXbit,AMD-V,IOMMU,AES,CLMUL,XOP,FMA3,FMA4,CVT16/F16C,ABM,BMI1,TBM,ECC,EVP.","3800-4200(4000-4300boost)","SocketAM3+","No","DDR3"
"Piledriver","Vishera","Bulldozer","32","","SocketAM3+","FX-6300series(6300,6350)","6","2600","2x16KB(data)+64KB(instruction)(permodule)","4x2,3x2,2x2,1","8,4","3500-3900(4100-4200boost)","MMX,SSE,SSE2,SSE3,SSE3s,SSE4a,SSE4.1,SSE4.2,AVX,AVX1.1","Cool'n'Quiet,PowerNow!,TurboCore3.0","AMD64,NXbit,AMD-V,IOMMU,AES,CLMUL,XOP,FMA3,FMA4,CVT16/F16C,ABM,BMI1,TBM,ECC,EVP.","No","DDR3"
"Piledriver","Vishera","Bulldozer","32","","SocketAM3+","FX-8300series(8300,8310,8320,8320E,8350,8370,8370E,9370,9590)","8","2600","2x16KB(data)+64KB(instruction)(permodule)","4x2,3x2,2x2,1","8,4","3300-4700(4000-5000boost)","MMX,SSE,SSE2,SSE3,SSE3s,SSE4a,SSE4.1,SSE4.2,AVX,AVX1.1","Cool'n'Quiet,PowerNow!,TurboCore3.0","AMD64,NXbit,AMD-V,IOMMU,AES,CLMUL,XOP,FMA3,FMA4,CVT16/F16C,ABM,BMI1,TBM,ECC,EVP.","No","DDR3"
"Piledriver","Bulldozer","32","","Delhi","SocketAM3+","Opteron3300series(3320EE,3350HE,3365,3380)","2600","2x16KB(data)+64KB(instruction)(permodule)","4x2,3x2,2x2,1","8,4","4/8","MMX,SSE,SSE2,SSE3,SSE3s,SSE4a,SSE4.1,SSE4.2,AVX,AVX1.1","Cool'n'Quiet,PowerNow!,TurboCore3.0","AMD64,NXbit,AMD-V,IOMMU,AES,CLMUL,XOP,FMA3,FMA4,CVT16/F16C,ABM,BMI1,TBM,ECC,EVP.","1900-2800(2100-3800boost)","No","DDR3"
"Piledriver","Bulldozer","32","","Seoul","Opteron4300series(43CXEE,43GKHE,4310EE,4332HE,4334,4340,4365EE,4376HE,4386)","2600","2x16KB(data)+64KB(instruction)(permodule)","4x2,3x2,2x2,1","8,4","4/6/8","MMX,SSE,SSE2,SSE3,SSE3s,SSE4a,SSE4.1,SSE4.2,AVX,AVX1.1","Cool'n'Quiet,PowerNow!,TurboCore3.0","AMD64,NXbit,AMD-V,IOMMU,AES,CLMUL,XOP,FMA3,FMA4,CVT16/F16C,ABM,BMI1,TBM,ECC,EVP.","2000-3500(2300-3800boost)","SocketC32","No","DDR3"
"Piledriver","Bulldozer","32","","AbuDhabi","Opteron6300series(6308,6320,6328,6338P,6344,6348,6366HE,6370P,6376,6378,6380,6386SE)","2600","2x16KB(data)+64KB(instruction)(permodule)","4x2,3x2,2x2,1","8,4","4/8/12/16","MMX,SSE,SSE2,SSE3,SSE3s,SSE4a,SSE4.1,SSE4.2,AVX,AVX1.1","Cool'n'Quiet,PowerNow!,TurboCore3.0","AMD64,NXbit,AMD-V,IOMMU,AES,CLMUL,XOP,FMA3,FMA4,CVT16/F16C,ABM,BMI1,TBM,ECC,EVP.","1800-3500(2300-3800boost)","SocketG34","No","DDR3"
"Bulldozer","28","Steamroller","","Kaveri","AthlonX2450,AthlonX4840,AthlonX4860K,AthlonX4870K,AthlonX4880K,FX-770K,FX-7500,FX-7600P,A4PRO-7350B,A6-7000,A6Pro-7050B,A6-7400K,A6PRO-7400B,A6-7470K,A8-7100,A8Pro-7150B,A8-7200P,A8-7600,A8PRO-7600B,A8-7650K,A8-7670K,A10-7300,A10Pro-7350B,A10-7400P,A10-7700K,A10-7800,A10PRO-7800B,A10-7850K,A10-7850B,A10-7860K,A10-7870K,A10-7890K","2/4","1800-4100(3000-4300boost)","No","","2x16KB(data)+96KB(instruction)(permodule)","MMX,SSE,SSE2,SSE3,SSE3s,SSE4a,SSE4.1,SSE4.2,AVX,AVX1.1","Cool'n'Quiet,PowerNow!,TurboCore3.0","AMD64,NXbit,AMD-V,IOMMU,AES,CLMUL,XOP,FMA3,FMA4,CVT16/F16C,ABM,BMI1,TBM,ECC,EVP.","2x2,1","","DDR3","SocketFM2+SocketFP3"
"28","Bulldozer","Excavator","","Carrizo","AthlonX4835,AthlonX4845,FX-8800P,A6-8500P,A6Pro-8500B,A8-8600P,A8Pro-8600B,A10-8700P,A10Pro-8700B,A10-8780P,A12Pro-8800B","2/4","1600-3500(3000-3800boost)","","No","2x32KB(data)+96KB(instruction)(permodule)","2x1","","Cool'n'Quiet,PowerNow!,TurboCore3.0","SocketFM2+SocketFP4","DDR3","MMX,SSE,SSE2,SSE3,SSE3s,SSE4a,SSE4.1,SSE4.2,AVX,AVX1.1,AVX2","AMD64,NXbit,AMD-V,IOMMU,AES,CLMUL,XOP,FMA3,FMA4,CVT16/F16C,ABM,BMI1,BMI2,TBM,ECC,EVP."
"Excavator","28","Bulldozer","","BristolRidge","AthlonX4940,AthlonX4950,AthlonX4970,FX-9800P,FX-9830P,A6-9500,A6PRO-9500,A6Pro-9500B,A6-9500E,A6PRO-9500E,A6-9550,A8-9600,A8PRO-9600,A8Pro-9600B,A8Pro-9630B,A10-9600P,A10-9620P,A10-9630P,A10-9700,A10PRO-9700,A10Pro-9700B,A10-9700E,A10PRO-9700E,A10Pro-9730B,A12-9700P,A12-9720P,A12-9730P,A12-9800,A12PRO-9800,A12Pro-9800B,A12-9800E,A12PRO-9800E,A12Pro-9830B","2/4","2x32KB(data)+96KB(instruction)(permodule)","2300-3800(3200-4200boost)","","1x1,2x1","MMX,SSE,SSE2,SSE3,SSE3s,SSE4a,SSE4.1,SSE4.2,AVX,AVX1.1,AVX2","AMD64,NXbit,AMD-V,IOMMU,AES,CLMUL,XOP,FMA3,FMA4,CVT16/F16C,ABM,BMI1,BMI2,TBM,ECC,EVP.","No","","SocketAM4SocketFP4","DDR4","Cool'n'Quiet,PowerNow!,TurboCore3.0"
"Jaguar","28","Jaguar","","Kabini,Temash,Kyoto","","2/4","No","1000-2200","","32kB+32kB(percore)","512KB(percore)","","SocketAM1,SocketFT3","DDR3","MMX,SSE,SSE2,SSE3,SSE3s,SSE4a,SSE4.1,SSE4.2,AVX","PowerNow!","AMD64,NXbit,AMD-V,AES,CLMUL,CVT16/F16C,BMI1"
"Jaguar","28","Puma","","Beema,Mullins,SteppedEagle,CrownedEagle,Carrizo-L,LX-Family,","","2/4","800-2400","","32kB+32kB(percore)","512KB(percore)","","No","DDR3","MMX,SSE,SSE2,SSE3,SSE3s,SSE4a,SSE4.1,SSE4.2,AVX","PowerNow!","AMD64,NXbit,AMD-V,AES,CLMUL,CVT16/F16C,BMI1","SocketFT3b"
"Zen","14GloFo?14LP","Zen","March2017","SummitRidge","Ryzen3(Pro1200,1200,Pro1300,1300X)","4","no","3100-3500(3400-3700boost)","","64kB+32kB(percore)","512kB(percore)","8MB","SocketAM4","Dual-channelDDR4","MMX,SSE,SSE2,SSE3,SSE3s,SSE4a,SSE4.1,SSE4.2,AVX,AVX2","","AMD64,AES,CLMUL,FMA3,CVT16/F16C,ABM,BMI1,BMI2,SHA"
"Zen","14GloFo?14LP","Zen","March2017","SummitRidge","Ryzen5(1400,Pro1500,1500X,Pro1600,1600,1600X)","4/6","yes","3200-3600(3400-4000boost)","","64kB+32kB(percore)","512kB(percore)","8-16MB","SocketAM4","Dual-channelDDR4","MMX,SSE,SSE2,SSE3,SSE3s,SSE4a,SSE4.1,SSE4.2,AVX,AVX2","","AMD64,AES,CLMUL,FMA3,CVT16/F16C,ABM,BMI1,BMI2,SHA"
"Zen","14GloFo?14LP","yes","Zen","March2017","SummitRidge","Ryzen7(Pro1700,1700,Pro1700X,1700X,1800X)","8","3000-3600(3700-4000boost)","16MB","","64kB+32kB(percore)","512kB(percore)","SocketAM4","Dual-channelDDR4","MMX,SSE,SSE2,SSE3,SSE3s,SSE4a,SSE4.1,SSE4.2,AVX,AVX2","","AMD64,AES,CLMUL,FMA3,CVT16/F16C,ABM,BMI1,BMI2,SHA"
"Zen","14GloFo?14LP","yes","Zen","June2017","Naples","EPYC7001series","8/16/24/32","2000-3100(2550-3600all)(2700-3800boost)","32-64MB","","64kB+32kB(percore)","512kB(percore)","SocketSP3","DDR4(8channels)","MMX,SSE,SSE2,SSE3,SSE3s,SSE4a,SSE4.1,SSE4.2,AVX,AVX2","","AMD64,AES,CLMUL,FMA3,CVT16/F16C,ABM,BMI1,BMI2,SHA"
"Zen","14GloFo?14LP","yes","Zen","August2017","Whitehaven","RyzenThreadripper(1900,1920,1920X,1950X)","8/12/16","3200-3800(3800-4000boost)","16-32MB","","64kB+32kB(percore)","512kB(percore)","SocketTR4","DDR4(4channels)","MMX,SSE,SSE2,SSE3,SSE3s,SSE4a,SSE4.1,SSE4.2,AVX,AVX2","","AMD64,AES,CLMUL,FMA3,CVT16/F16C,ABM,BMI1,BMI2,SHA"
"Zen","14GloFo?14LP","Zen","October2017","RavenRidge","Athlon(Pro200U,300U),Ryzen3(2200U,3200U,3250U)","2","yes","2300-2600(3200-3500boost)","","64kB+32kB(percore)","512kB(percore)","4MB","SocketFP5","Dual-channelDDR4","MMX,SSE,SSE2,SSE3,SSE3s,SSE4a,SSE4.1,SSE4.2,AVX,AVX2","","AMD64,AES,CLMUL,FMA3,CVT16/F16C,ABM,BMI1,BMI2,SHA"
"October2017","RavenRidge","Zen","14GloFo?14LP","Zen","Ryzen3(2300U,Pro2300U)","4MB","SocketFP5","Dual-channelDDR4","4","no","2000(3400boost)","","64kB+32kB(percore)","512kB(percore)","MMX,SSE,SSE2,SSE3,SSE3s,SSE4a,SSE4.1,SSE4.2,AVX,AVX2","","AMD64,AES,CLMUL,FMA3,CVT16/F16C,ABM,BMI1,BMI2,SHA"
"October2017","4","RavenRidge","Zen","14GloFo?14LP","Zen","Ryzen5(2500U,Pro2500U,2600H),Ryzen7(2700U,Pro2700U,2800H)","4MB","SocketFP5","Dual-channelDDR4","yes","2000-3300(3600-3800boost)","","64kB+32kB(percore)","512kB(percore)","MMX,SSE,SSE2,SSE3,SSE3s,SSE4a,SSE4.1,SSE4.2,AVX,AVX2","","AMD64,AES,CLMUL,FMA3,CVT16/F16C,ABM,BMI1,BMI2,SHA"
"Zen","RavenRidge","14GloFo?14LP","Zen","February2018","Athlon(200GE,Pro200GE,220GE,240GE,3000G)","4MB","2","Dual-channelDDR4","yes","3200-3500","SocketAM4","","64kB+32kB(percore)","512kB(percore)","MMX,SSE,SSE2,SSE3,SSE3s,SSE4a,SSE4.1,SSE4.2,AVX,AVX2","","AMD64,AES,CLMUL,FMA3,CVT16/F16C,ABM,BMI1,BMI2,SHA"
"February2018","Zen","RavenRidge","14GloFo?14LP","Zen","SocketAM4","Ryzen3(2200GE,Pro2200GE,2200G,Pro2200G)","4","4MB","no","Dual-channelDDR4","3200-3500(3600-3700boost)","","64kB+32kB(percore)","512kB(percore)","MMX,SSE,SSE2,SSE3,SSE3s,SSE4a,SSE4.1,SSE4.2,AVX,AVX2","","AMD64,AES,CLMUL,FMA3,CVT16/F16C,ABM,BMI1,BMI2,SHA"
"February2018","4","Zen","RavenRidge","14GloFo?14LP","Zen","SocketAM4","Ryzen5(2400GE,Pro2400GE,2400G,Pro2400G)","yes","4MB","3200-3600(3800-3900boost)","Dual-channelDDR4","","64kB+32kB(percore)","512kB(percore)","MMX,SSE,SSE2,SSE3,SSE3s,SSE4a,SSE4.1,SSE4.2,AVX,AVX2","","AMD64,AES,CLMUL,FMA3,CVT16/F16C,ABM,BMI1,BMI2,SHA"
"Zen","14GloFo?14LP","Zen","February2018","SnowyOwl","EPYC3001series(Embedded)","4/8/12/16","no","1500-2100(2150-3100all)(2900-3100boost)","","64kB+32kB(percore)","512kB(percore)","8-32MB(8MBperCCX)","SocketSP4r2","Dual-channelDDR4","MMX,SSE,SSE2,SSE3,SSE3s,SSE4a,SSE4.1,SSE4.2,AVX,AVX2","","AMD64,AES,CLMUL,FMA3,CVT16/F16C,ABM,BMI1,BMI2,SHA"
"February2018","SnowyOwl","Zen","4/8/12/16","14GloFo?14LP","Zen","EPYC3051series(Embedded)","SocketSP4r2","Dual-channelDDR4","yes","1900-2700(2450-3100all)(2900-3100boost)","16-32MB(8MBperCCX)","","64kB+32kB(percore)","512kB(percore)","MMX,SSE,SSE2,SSE3,SSE3s,SSE4a,SSE4.1,SSE4.2,AVX,AVX2","","AMD64,AES,CLMUL,FMA3,CVT16/F16C,ABM,BMI1,BMI2,SHA"
"February2018","Zen","14GloFo?14LP","Zen","GreatHornedOwl","V1000series(Embedded)","2/4","yes","Dual-channelDDR4","2000-3350(3200-3800boost)","4MB","","64kB+32kB(percore)","512kB(percore)","SocketFP5","MMX,SSE,SSE2,SSE3,SSE3s,SSE4a,SSE4.1,SSE4.2,AVX,AVX2","","AMD64,AES,CLMUL,FMA3,CVT16/F16C,ABM,BMI1,BMI2,SHA"
"Zen","14GloFo?14LP","Zen","April2019","BandedKestrel","4MB","SocketFP5","R1000series(Embedded)","2","no","1200(2600boost)","","64kB+32kB(percore)","512kB(percore)","Single-channelDDR4","MMX,SSE,SSE2,SSE3,SSE3s,SSE4a,SSE4.1,SSE4.2,AVX,AVX2","","AMD64,AES,CLMUL,FMA3,CVT16/F16C,ABM,BMI1,BMI2,SHA"
"April2019","BandedKestrel","R1000series(Embedded)","2","Zen","14GloFo?14LP","Zen","yes","1500-2600(2800-3500boost)","4MB","SocketFP5","Dual-channelDDR4","","64kB+32kB(percore)","512kB(percore)","MMX,SSE,SSE2,SSE3,SSE3s,SSE4a,SSE4.1,SSE4.2,AVX,AVX2","","AMD64,AES,CLMUL,FMA3,CVT16/F16C,ABM,BMI1,BMI2,SHA"
"Zen","12GloFo?12LP","Zen+","April2018","PinnacleRidge","Ryzen3(1200AF,2300X)","4","no","3100-3500(3400-4000boost)","","32kBdata64kBinst.percore","512kBpercore","8MB","SocketAM4","Dual-channelDDR4","MMX,SSE,SSE2,SSE3,SSE3s,SSE4a,SSE4.1,SSE4.2,AVX,AVX2","","AMD64,AES,CLMUL,FMA3,CVT16/F16C,ABM,BMI1,BMI2,SHA"
"12GloFo?12LP","Zen+","April2018","PinnacleRidge","Zen","4","Ryzen52500X","yes","","32kBdata64kBinst.percore","512kBpercore","8MB","SocketAM4","Dual-channelDDR4","MMX,SSE,SSE2,SSE3,SSE3s,SSE4a,SSE4.1,SSE4.2,AVX,AVX2","","AMD64,AES,CLMUL,FMA3,CVT16/F16C,ABM,BMI1,BMI2,SHA","3600(4000boost)"
"12GloFo?12LP","yes","Zen+","April2018","PinnacleRidge","Zen","Ryzen5(1600AF,2600,2600E,2600X),Ryzen7(2700,2700E,2700X,Pro2700X)","6/8","2800-3700(3600-4300boost)","","32kBdata64kBinst.percore","512kBpercore","16MB","SocketAM4","Dual-channelDDR4","MMX,SSE,SSE2,SSE3,SSE3s,SSE4a,SSE4.1,SSE4.2,AVX,AVX2","","AMD64,AES,CLMUL,FMA3,CVT16/F16C,ABM,BMI1,BMI2,SHA"
"12GloFo?12LP","Zen+","Zen","August2018","Colfax","RyzenThreadripper(2920X,2950X,2970WX,2990WX)","12/16/24/32","yes","","32kBdata64kBinst.percore","512kBpercore","3000-3500(4200-4400boost)","32-64MB","SocketTR4","MMX,SSE,SSE2,SSE3,SSE3s,SSE4a,SSE4.1,SSE4.2,AVX,AVX2","","AMD64,AES,CLMUL,FMA3,CVT16/F16C,ABM,BMI1,BMI2,SHA","DDR4(4channels)"
"12GloFo?12LP","Zen+","Zen","January2019","Picasso","Ryzen3(3300U,Pro3300U,3350U)","4","no","","32kBdata64kBinst.percore","512kBpercore","2100(3500boost)","4MB","SocketFP5","MMX,SSE,SSE2,SSE3,SSE3s,SSE4a,SSE4.1,SSE4.2,AVX,AVX2","","AMD64,AES,CLMUL,FMA3,CVT16/F16C,ABM,BMI1,BMI2,SHA","Dual-channelDDR4"
"January2019","Picasso","12GloFo?12LP","4","Zen+","Zen","4MB","SocketFP5","Dual-channelDDR4","Ryzen5(3450U,3500C,3500U,Pro3500U,3550H,3580U),Ryzen7(3700C,3700U,Pro3700U,3750H,3780U)","yes","2100-2300(3500-4000boost)","","32kBdata64kBinst.percore","512kBpercore","MMX,SSE,SSE2,SSE3,SSE3s,SSE4a,SSE4.1,SSE4.2,AVX,AVX2","","AMD64,AES,CLMUL,FMA3,CVT16/F16C,ABM,BMI1,BMI2,SHA"
"12GloFo?12LP","Picasso","Zen+","4","Zen","July2019","4MB","Ryzen3(3200GE,Pro3200GE,3200G,Pro3200G)","Dual-channelDDR4","no","3300-3600(3800-4000boost)","SocketAM4","","32kBdata64kBinst.percore","512kBpercore","MMX,SSE,SSE2,SSE3,SSE3s,SSE4a,SSE4.1,SSE4.2,AVX,AVX2","","AMD64,AES,CLMUL,FMA3,CVT16/F16C,ABM,BMI1,BMI2,SHA"
"July2019","12GloFo?12LP","Picasso","Zen+","SocketAM4","4","Zen","Ryzen5(3400GE,Pro3400GE,3400G,Pro3400G)","4MB","yes","Dual-channelDDR4","3300-3700(4000-4200boost)","","32kBdata64kBinst.percore","512kBpercore","MMX,SSE,SSE2,SSE3,SSE3s,SSE4a,SSE4.1,SSE4.2,AVX,AVX2","","AMD64,AES,CLMUL,FMA3,CVT16/F16C,ABM,BMI1,BMI2,SHA"
"Zen","7TSMCN7","Zen2","July2019","Matisse","Ryzen3(3100,3300X)","4","yes","","3600-3800(3900-4200boost)","32kBdata32kBinst.percore","512kBpercore","16MB","SocketAM4","MMX,SSE,SSE2,SSE3,SSE3s,SSE4a,SSE4.1,SSE4.2,AVX,AVX2","","AMD64,AES,CLMUL,FMA3,CVT16/F16C,ABM,BMI1,BMI2,SHA","Dual-channelDDR4"
"7TSMCN7","Zen2","July2019","Matisse","Zen","Ryzen5(3500,3500X)","6","no","32kBdata32kBinst.percore","512kBpercore","3600(4100boost)","SocketAM4","Dual-channelDDR4","16-32MB","","MMX,SSE,SSE2,SSE3,SSE3s,SSE4a,SSE4.1,SSE4.2,AVX,AVX2","","AMD64,AES,CLMUL,FMA3,CVT16/F16C,ABM,BMI1,BMI2,SHA"
"7TSMCN7","Zen2","July2019","Matisse","Zen","Ryzen5(3600,Pro3600,3600X,3600XT),Ryzen7(Pro3700,3700X,3800X,3800XT)","6/8","yes","32kBdata32kBinst.percore","512kBpercore","3600-3900(4200-4700boost)","SocketAM4","Dual-channelDDR4","32MB","","MMX,SSE,SSE2,SSE3,SSE3s,SSE4a,SSE4.1,SSE4.2,AVX,AVX2","","AMD64,AES,CLMUL,FMA3,CVT16/F16C,ABM,BMI1,BMI2,SHA"
"7TSMCN7","Zen2","July2019","Matisse","Zen","Ryzen9(3900,Pro3900,3900X,3900XT,3950X)","12/16","yes","32kBdata32kBinst.percore","512kBpercore","3100-3800(4300-4700boost)","SocketAM4","Dual-channelDDR4","64MB","","MMX,SSE,SSE2,SSE3,SSE3s,SSE4a,SSE4.1,SSE4.2,AVX,AVX2","","AMD64,AES,CLMUL,FMA3,CVT16/F16C,ABM,BMI1,BMI2,SHA"
"7TSMCN7","Zen2","Zen","August2019","Rome","EPYC7002series","8/12/16/24/32/48/64","yes","32kBdata32kBinst.percore","512kBpercore","2000-3700(3200-3900boost)","32-256MB","","SocketSP3","DDR4(8channels)","MMX,SSE,SSE2,SSE3,SSE3s,SSE4a,SSE4.1,SSE4.2,AVX,AVX2","","AMD64,AES,CLMUL,FMA3,CVT16/F16C,ABM,BMI1,BMI2,SHA"
"7TSMCN7","Zen2","Zen","November2019","CastlePeak","RyzenThreadripper(3960X,3970X,3990X)","24/32/64","yes","32kBdata32kBinst.percore","512kBpercore","2900-3800(4300-4500boost)","128/128/256MB","","SocketsTRX4","DDR4(4channels)","MMX,SSE,SSE2,SSE3,SSE3s,SSE4a,SSE4.1,SSE4.2,AVX,AVX2","","AMD64,AES,CLMUL,FMA3,CVT16/F16C,ABM,BMI1,BMI2,SHA"
"7TSMCN7","Zen2","Zen","March2020","Renoir","Ryzen34300U","4","no","32kBdata32kBinst.percore","512kBpercore","2700(3700boost)","4MB","","Mobile:SocketFP6Desktop:SocketAM4","Mobile:Dual-channelDDR4orLPDDR4Desktop:Dual-channelDDR4","MMX,SSE,SSE2,SSE3,SSE3s,SSE4a,SSE4.1,SSE4.2,AVX,AVX2","","AMD64,AES,CLMUL,FMA3,CVT16/F16C,ABM,BMI1,BMI2,SHA"
"March2020","Renoir","7TSMCN7","4","Zen2","Zen","4MB","Mobile:SocketFP6Desktop:SocketAM4","Mobile:Dual-channelDDR4orLPDDR4Desktop:Dual-channelDDR4","Ryzen3(4300G,4300GE,4350G,4350GE,Pro4450U)","yes","2500-3800(3700-4200boost)","","MMX,SSE,SSE2,SSE3,SSE3s,SSE4a,SSE4.1,SSE4.2,AVX,AVX2","32kBdata32kBinst.percore","512kBpercore","","AMD64,AES,CLMUL,FMA3,CVT16/F16C,ABM,BMI1,BMI2,SHA"
"March2020","Renoir","7TSMCN7","Zen2","Zen","Ryzen54500U","6","Mobile:SocketFP6Desktop:SocketAM4","Mobile:Dual-channelDDR4orLPDDR4Desktop:Dual-channelDDR4","no","2300(4000boost)","8MB","32kBdata32kBinst.percore","512kBpercore","","MMX,SSE,SSE2,SSE3,SSE3s,SSE4a,SSE4.1,SSE4.2,AVX,AVX2","","AMD64,AES,CLMUL,FMA3,CVT16/F16C,ABM,BMI1,BMI2,SHA"
"March2020","6","Renoir","7TSMCN7","8MB","Zen2","Zen","Ryzen5(4600U,Pro4650U,4600H,4600HS,4680U),Ryzen5(4600G,4600GE,Pro4650G,Pro4650GE)","yes","Mobile:SocketFP6Desktop:SocketAM4","Mobile:Dual-channelDDR4orLPDDR4Desktop:Dual-channelDDR4","2100-3700(4000-4200boost)","","MMX,SSE,SSE2,SSE3,SSE3s,SSE4a,SSE4.1,SSE4.2,AVX,AVX2","32kBdata32kBinst.percore","512kBpercore","","AMD64,AES,CLMUL,FMA3,CVT16/F16C,ABM,BMI1,BMI2,SHA"
"March2020","Renoir","7TSMCN7","Zen2","8MB","Zen","Ryzen74700U","8","Mobile:SocketFP6Desktop:SocketAM4","Mobile:Dual-channelDDR4orLPDDR4Desktop:Dual-channelDDR4","no","2000(4100boost)","","32kBdata32kBinst.percore","512kBpercore","MMX,SSE,SSE2,SSE3,SSE3s,SSE4a,SSE4.1,SSE4.2,AVX,AVX2","","AMD64,AES,CLMUL,FMA3,CVT16/F16C,ABM,BMI1,BMI2,SHA"
"March2020","8","Renoir","7TSMCN7","Zen2","8MB","Zen","Ryzen7(4700U,Pro4750U,4800U,4800H,4800HS),Ryzen7(4700G,4700GE,Pro4750G,Pro4750GE),Ryzen9(4900H,4900HS)","yes","Mobile:SocketFP6Desktop:SocketAM4","Mobile:Dual-channelDDR4orLPDDR4Desktop:Dual-channelDDR4","1800-3600(4100-4400boost)","","MMX,SSE,SSE2,SSE3,SSE3s,SSE4a,SSE4.1,SSE4.2,AVX,AVX2","32kBdata32kBinst.percore","512kBpercore","","AMD64,AES,CLMUL,FMA3,CVT16/F16C,ABM,BMI1,BMI2,SHA"
"7TSMCN7","Zen2","Zen","July2020","CastlePeak(Pro)","RyzenThreadripperPro(3945WX,3955WX,3975WX,3995WX)","12/16/32/64","yes","32kBdata32kBinst.percore","512kBpercore","2700-4000(4200-4300boost)","64-256MB(16MBperCCX)","","sWRX8","DDR4(8channels)","MMX,SSE,SSE2,SSE3,SSE3s,SSE4a,SSE4.1,SSE4.2,AVX,AVX2","","AMD64,AES,CLMUL,FMA3,CVT16/F16C,ABM,BMI1,BMI2,SHA"
"7TSMCN7","Zen2","Zen","November2020","GreyHawk","V2000series(Embedded)","6/8","yes","32kBdata32kBinst.percore","512kBpercore","1700-3000(3950-4250boost)","8MB","","SocketFP6","Dual-channelDDR4orQuad-channelLPDDR4","MMX,SSE,SSE2,SSE3,SSE3s,SSE4a,SSE4.1,SSE4.2,AVX,AVX2","","AMD64,AES,CLMUL,FMA3,CVT16/F16C,ABM,BMI1,BMI2,SHA"
"7TSMCN7","Zen2","Zen","January2021","Lucienne","Ryzen35300U","4","SocketFP6","yes","32kBdata32kBinst.percore","512kBpercore","2600(3800boost)","4MB","","Dual-channelDDR4orLPDDR4","MMX,SSE,SSE2,SSE3,SSE3s,SSE4a,SSE4.1,SSE4.2,AVX,AVX2","","AMD64,AES,CLMUL,FMA3,CVT16/F16C,ABM,BMI1,BMI2,SHA"
"January2021","Lucienne","7TSMCN7","Zen2","yes","Zen","Ryzen55500U","Dual-channelDDR4orLPDDR4","6","2100(4000boost)","8MB","SocketFP6","","32kBdata32kBinst.percore","512kBpercore","MMX,SSE,SSE2,SSE3,SSE3s,SSE4a,SSE4.1,SSE4.2,AVX,AVX2","","AMD64,AES,CLMUL,FMA3,CVT16/F16C,ABM,BMI1,BMI2,SHA"
"January2021","Lucienne","7TSMCN7","8MB","Zen2","yes","Zen","Ryzen75700U","Dual-channelDDR4orLPDDR4","8","1800(4300boost)","","SocketFP6","MMX,SSE,SSE2,SSE3,SSE3s,SSE4a,SSE4.1,SSE4.2,AVX,AVX2","32kBdata32kBinst.percore","512kBpercore","","AMD64,AES,CLMUL,FMA3,CVT16/F16C,ABM,BMI1,BMI2,SHA"
"7TSMCN7","Zen","Zen3","November2020","Vermeer","Ryzen5(5600x),Ryzen7(5800x),Ryzen9(5900x,5950x)","6/8/12/16","yes","3400-3800(4600-4900boost)","","32kBdata32kBinst.percore","512kBpercore","32-64MB(32MBperCCD/CCX)","SocketAM4","Dual-channelDDR4","MMX(+),SSE,SSE2,SSE3,SSE3s,SSE4a,SSE4.1,SSE4.2x86-64,AMD-V,AVX,AVX2","","AMD64,AES,CLMUL,FMA3,CVT16/F16C,ABM,BMI1,BMI2,SHA"
"Zen3","7TSMCN7","Zen","January2021","Cezanne","yes","Ryzen3(5300G,5300GE,5400U)","","32kBdata32kBinst.percore","512kBpercore","4","2600-4000(4000-4200boost)","8MB","MMX(+),SSE,SSE2,SSE3,SSE3s,SSE4a,SSE4.1,SSE4.2x86-64,AMD-V,AVX,AVX2","","AMD64,AES,CLMUL,FMA3,CVT16/F16C,ABM,BMI1,BMI2,SHA","Mobile:SocketFP6Desktop:SocketAM4","Mobile:Dual-channelDDR4orLPDDR4Desktop:Dual-channelDDR4"
"January2021","Cezanne","Zen3","7TSMCN7","Zen","Ryzen5(5600G,5600GE,5600U,5600H,5600HS)","Mobile:SocketFP6Desktop:SocketAM4","Mobile:Dual-channelDDR4orLPDDR4Desktop:Dual-channelDDR4","6","yes","2300-3900(4200-4400boost)","","32kBdata32kBinst.percore","512kBpercore","16MB","MMX(+),SSE,SSE2,SSE3,SSE3s,SSE4a,SSE4.1,SSE4.2x86-64,AMD-V,AVX,AVX2","","AMD64,AES,CLMUL,FMA3,CVT16/F16C,ABM,BMI1,BMI2,SHA"
"January2021","Cezanne","Zen3","16MB","7TSMCN7","Zen","Ryzen7(5700G,5700GE,5800U,5800H,5800HS)Ryzen9(5900HS,5900HX,5980HS,5980HX)","Mobile:SocketFP6Desktop:SocketAM4","Mobile:Dual-channelDDR4orLPDDR4Desktop:Dual-channelDDR4","8","yes","1900-3800(4400-4800boost)","","32kBdata32kBinst.percore","512kBpercore","MMX(+),SSE,SSE2,SSE3,SSE3s,SSE4a,SSE4.1,SSE4.2x86-64,AMD-V,AVX,AVX2","","AMD64,AES,CLMUL,FMA3,CVT16/F16C,ABM,BMI1,BMI2,SHA"
"Zen3","7TSMCN7","Zen","March2021","Milan","yes","EPYC7003series","","32kBdata32kBinst.percore","512kBpercore","8/16/24/28/32/48/56/64","2000-3700(3450-4100boost)","64-256MB(16-32MBperCCD/CCX)","MMX(+),SSE,SSE2,SSE3,SSE3s,SSE4a,SSE4.1,SSE4.2x86-64,AMD-V,AVX,AVX2","","AMD64,AES,CLMUL,FMA3,CVT16/F16C,ABM,BMI1,BMI2,SHA","SocketSP3","DDR4(8channels)"
"Zen","6TSMCN6","Zen3+","January2022","Rembrandt","yes","Ryzen5(6600U,6600H,6600HS)Ryzen7(6800U,6800H,6800HS)Ryzen9(6900HS,6900HX,6980HS,6980HX)","6/8","2700-3300(4500-5000boost)","","32kBdata32kBinst.percore","512kBpercore","16MB","SocketFP7","Dual-channelDDR5orLPDDR5","","",""
"Architecture","Fabrication","Family","ReleaseDate","CodeName","ModelGroup","Cores","SMT","Clockrate(MHz)","BusSpeed&Type","L1","L2","L3","Socket","MemoryController","SIMD","Speed/Power","Other"
"Architecture","Cache","Cache","Fabrication","Features","Features","Family","ReleaseDate","CodeName","ModelGroup","Cores","SMT","Clockrate(MHz)","BusSpeed&Type","Cache","Features","Socket","MemoryController"
